{"c": 8, "correct": 0.9732546022924626, "gamma": 0.03125}