{"c": 2.8284271247461903, "correct": 0.9933229468061429, "gamma": 0.044194173824159223}