{"c": 4, "correct": 0.9487939060516293, "gamma": 0.03125}