{"c": 2.0, "correct": 0.9737834132967786, "gamma": 0.044194173824159223}