{"c": 8, "correct": 0.9877910278250994, "gamma": 0.015625}