{"c": 8, "correct": 0.962889658584859, "gamma": 0.03125}