{"gamma_best": 0, "gamma_best_exponent": -5.5, "c": 64.0, "best_result": 0, "c_best": 0, "correct": 0.9303178484107579, "gamma": 0.022097086912079612, "c_best_exponent": 6.0}