{"c": 128, "correct": 0.9287897310513448, "gamma": 0.015625}