{"c": 11.52, "c_best_exponent": 11.52, "c_best": 0, "gamma_best_exponent": 0.061875000000000006, "gamma_best": 0, "best_result": 0, "no-better-solution-found-2": true, "correct": 0.9788952579468473, "gamma": 0.061875000000000006}