{"c": 4.242640687119286, "c_best_exponent": 4.242640687119286, "c_best": 0, "gamma_best_exponent": 0.04861359120657515, "gamma_best": 0, "best_result": 0, "correct": 0.9637143328385288, "gamma": 0.04861359120657515}