{"c": 4.18, "c_best_exponent": 4.18, "c_best": 0, "gamma_best_exponent": 0.061875000000000006, "gamma_best": 0, "best_result": 0, "correct": 0.9788864294227823, "gamma": 0.061875000000000006}