{"gamma_best": 0, "gamma_best_exponent": -4.5, "c": 5.6568542494923806, "best_result": 0, "c_best": 0, "correct": 0.9361610968294773, "gamma": 0.044194173824159223, "c_best_exponent": 2.5}