{"c": 14.4, "c_best_exponent": 14.4, "c_best": 0, "gamma_best_exponent": 0.04861359120657515, "gamma_best": 0, "best_result": 0, "correct": 0.9741808498321176, "gamma": 0.04861359120657515}