{"c": 64, "correct": 0.9515289525048797, "gamma": 0.015625}