{"c": 3.92, "c_best_exponent": 3.92, "c_best": 0, "gamma_best_exponent": 0.04507805730064241, "gamma_best": 0, "best_result": 0, "no-better-solution-found-2": true, "correct": 0.9718892104175278, "gamma": 0.04507805730064241}