{"c": 1.2727922061357857, "c_best_exponent": 1.2727922061357857, "c_best": 0, "gamma_best_exponent": 0.0972271824131503, "gamma_best": 0, "best_result": 0, "correct": 0.9046242774566474, "gamma": 0.0972271824131503}