{"gamma_best": 0, "gamma_best_exponent": -4.5, "c": 4.2, "best_result": 0, "c_best": 0, "correct": 0.8991506927310685, "gamma": 0.053033008589, "c_best_exponent": 2.0}
