{"c": 4.0, "c_best_exponent": 4.0, "c_best": 0, "gamma_best_exponent": 0.03314563036811942, "gamma_best": 0, "best_result": 0, "correct": 0.9562841530054644, "gamma": 0.03314563036811942, "no-better-solution-found-1": true}