{"c": 8.0, "c_best_exponent": 3.0, "c_best": 0, "gamma_best_exponent": -3.5, "gamma_best": 0, "best_result": 0, "correct": 0.9915499758570738, "gamma": 0.08838834764831845}