{"c": 1.6, "c_best_exponent": 1.6, "c_best": 0, "gamma_best_exponent": 0.053033008588991064, "gamma_best": 0, "best_result": 0, "correct": 0.9678582156803845, "gamma": 0.053033008588991064, "no-better-solution-found-1": true}