{"c": 2.5201285681488557, "c_best_exponent": 2.5201285681488557, "c_best": 0, "gamma_best_exponent": 0.049099727118640905, "gamma_best": 0, "best_result": 0, "correct": 0.9462279293739968, "gamma": 0.049099727118640905}