{"c": 8, "correct": 0.9190432382704692, "gamma": 0.015625}