{"gamma_best": 0, "gamma_best_exponent": -4.5, "c": 2.0, "best_result": 0, "c_best": 0, "correct": 0.9675578251727246, "gamma": 0.044194173824159223, "c_best_exponent": 1.0}