{"c": 2.0364675298172568, "c_best_exponent": 2.0364675298172568, "c_best": 0, "gamma_best_exponent": 0.050625, "gamma_best": 0, "best_result": 0, "correct": 0.9284736481861738, "gamma": 0.050625, "no-better-solution-found-1": true}