{"c": 13.68, "c_best_exponent": 13.68, "c_best": 0, "gamma_best_exponent": 0.04764131938244365, "gamma_best": 0, "best_result": 0, "no-better-solution-found-2": true, "correct": 0.9742966307745745, "gamma": 0.04764131938244365}