{"gamma_best": 0, "gamma_best_exponent": -3.5, "c": 1.4142135623730951, "best_result": 0, "c_best": 0, "correct": 0.9043031470777135, "gamma": 0.088388347648318447, "c_best_exponent": 0.5}