{"c": 3.394112549695428, "c_best_exponent": 3.394112549695428, "c_best": 0, "gamma_best_exponent": 0.05625, "gamma_best": 0, "best_result": 0, "correct": 0.9832760237574242, "gamma": 0.05625}