{"c": 512, "correct": 0.9645952875106825, "gamma": 0.015625}