{"gamma_best": 0, "gamma_best_exponent": -5.5, "c": 8.0, "best_result": 0, "c_best": 0, "correct": 0.9550231189575452, "gamma": 0.022097086912079612, "c_best_exponent": 3.0}