{"c": 3.92, "c_best_exponent": 3.92, "c_best": 0, "no-better-solution-found-3": true, "gamma_best_exponent": 0.03248271776075703, "gamma_best": 0, "best_result": 0, "correct": 0.9567044976881043, "gamma": 0.03248271776075703}