{"c": 8, "correct": 0.9226896799712334, "gamma": 0.015625}