{"c": 2.8284271247461903, "c_best_exponent": 1.5, "c_best": 0, "gamma_best_exponent": -4.5, "gamma_best": 0, "best_result": 0, "correct": 0.914671036047391, "gamma": 0.04419417382415922}