{"c": 1.4142135623730951, "c_best_exponent": 0.5, "c_best": 0, "gamma_best_exponent": -3.5, "gamma_best": 0, "best_result": 0, "no-better-solution-found-2": true, "correct": 0.984964259304905, "gamma": 0.08838834764831845}