{"gamma_best": 0, "gamma_best_exponent": -4.0, "c": 2.8284271247461903, "best_result": 0, "c_best": 0, "correct": 0.9831197249140357, "gamma": 0.0625, "c_best_exponent": 1.5}