{"c": 4.327493500861672, "c_best_exponent": 4.327493500861672, "c_best": 0, "no-better-solution-found-3": true, "gamma_best_exponent": 0.049099727118640905, "gamma_best": 0, "best_result": 0, "correct": 0.9638792676892627, "gamma": 0.049099727118640905}