{"c": 1.584, "c_best_exponent": 1.584, "c_best": 0, "gamma_best_exponent": 0.052502678503101155, "gamma_best": 0, "best_result": 0, "correct": 0.9684589966957045, "gamma": 0.052502678503101155}