{"c": 2.8284271247461903, "c_best_exponent": 1.5, "c_best": 0, "gamma_best_exponent": -4.5, "gamma_best": 0, "best_result": 0, "no-better-solution-found-2": true, "correct": 0.9933229468061429, "gamma": 0.04419417382415922}