{"c": 4.0, "correct": 0.994964330675619, "gamma": 0.044194173824159223}