{"c": 5.656854249492381, "c_best_exponent": 2.5, "c_best": 0, "gamma_best_exponent": -4.5, "gamma_best": 0, "best_result": 0, "correct": 0.9361610968294773, "gamma": 0.04419417382415922}