{"gamma_best": 0, "gamma_best_exponent": -4.0, "c": 1.4142135623730951, "best_result": 0, "c_best": 0, "correct": 0.9274469541409993, "gamma": 0.0625, "c_best_exponent": 0.5}