{"c": 2.5455844122715714, "c_best_exponent": 2.5455844122715714, "c_best": 0, "gamma_best_exponent": 0.04861359120657515, "gamma_best": 0, "best_result": 0, "correct": 0.9459604066345639, "gamma": 0.04861359120657515, "no-better-solution-found-1": true}