{"c": 2.28, "c_best_exponent": 2.28, "c_best": 0, "gamma_best_exponent": 0.052500000000000005, "gamma_best": 0, "best_result": 0, "no-better-solution-found-2": true, "correct": 0.9575713240673006, "gamma": 0.052500000000000005}