{"c": 5.6568542494923806, "correct": 0.9361610968294773, "gamma": 0.044194173824159223}