{"c": 1.24733636201307, "c_best_exponent": 1.24733636201307, "c_best": 0, "gamma_best_exponent": 0.09625491058901879, "gamma_best": 0, "best_result": 0, "correct": 0.9049454078355812, "gamma": 0.09625491058901879}