{"gamma_best": 0, "gamma_best_exponent": -4.5, "c": 4.0, "best_result": 0, "c_best": 0, "correct": 0.994964330675619, "gamma": 0.044194173824159223, "c_best_exponent": 2.0}