{"gamma_best": 0, "gamma_best_exponent": -4.5, "c": 2.8284271247461903, "best_result": 0, "c_best": 0, "correct": 0.9448903156768326, "gamma": 0.044194173824159223, "c_best_exponent": 1.5}