{"c": 1.697056274847714, "c_best_exponent": 1.697056274847714, "c_best": 0, "gamma_best_exponent": 0.05625, "gamma_best": 0, "best_result": 0, "correct": 0.9281314168377823, "gamma": 0.05625}