{"c": 9.6, "c_best_exponent": 9.6, "c_best": 0, "no-better-solution-found-3": true, "gamma_best_exponent": 0.08396893026590252, "gamma_best": 0, "best_result": 0, "correct": 0.9917914051183003, "gamma": 0.08396893026590252}