{"c": 8.0, "correct": 0.9550231189575452, "gamma": 0.022097086912079612}