{"c": 2.0, "c_best_exponent": 1.0, "c_best": 0, "gamma_best_exponent": -4.5, "gamma_best": 0, "best_result": 0, "correct": 0.9737834132967786, "gamma": 0.04419417382415922}