{"c": 2.8849956672411143, "c_best_exponent": 2.8849956672411143, "c_best": 0, "gamma_best_exponent": 0.04640388251536719, "gamma_best": 0, "best_result": 0, "correct": 0.9150491555331485, "gamma": 0.04640388251536719}