{"c": 8, "correct": 0.9139501438159157, "gamma": 0.015625}